w	r	m	t	d
朝日	あさひ	朝にのぼる太陽やその光		
雨	あめ	空から降ってくる水		
家鴨	あひる	水辺で飼われる家禽		
秋	あき	実りの季節、四季のひとつ		
青	あお	空や海に例えられる色		
欠伸	あくび	眠い時などに出る呼吸動作		
犬	いぬ	人によく飼われる代表的な動物		
家	いえ	人が住むための建物		
椅子	いす	座るための家具		
苺	いちご	赤く甘酸っぱい果実		
命	いのち	生きていること、生命		
井戸	いど	地下水をくみ上げる穴		
海	うみ	広く塩水をたたえた水域		
馬	うま	人を乗せて走る動物		
歌	うた	声で奏でる音楽		
団扇	うちわ	あおいで風を送る道具		
饂飩	うどん	小麦粉から作る麺料理		
絵本	えほん	絵の多い子ども向けの本		
駅	えき	列車が発着する施設		
鉛筆	えんぴつ	芯で書く筆記具		
枝	えだ	木から伸びる部分		
音	おと	耳に聞こえる響き		
お菓子	おかし	甘い食べ物の総称		
鬼	おに	伝説上の恐ろしい存在		
音楽	おんがく	音を組み合わせた芸術		
傘	かさ	雨をしのぐための道具		
亀	かめ	甲羅を持つ爬虫類		
風	かぜ	空気の流れ		
鏡	かがみ	姿を映す道具		
蟹	かに	はさみを持つ甲殻類		
雷	かみなり	稲光とともに鳴る音		
学校	がっこう	学ぶための施設		
画家	がか	絵を描くことを仕事にする人		
狐	きつね	細長い尾を持つ動物		
着物	きもの	日本の伝統的な衣服		
菊	きく	秋に咲く花		
汽車	きしゃ	蒸気の力で走る列車		
銀行	ぎんこう	お金を預けたり借りたりする機関		
疑問	ぎもん	わからないこと、疑わしいこと		
雲	くも	空に浮かぶ水蒸気の塊		
靴	くつ	足に履くもの		
鯨	くじら	海に住む巨大な哺乳類		
栗	くり	秋のとげのある実		
軍手	ぐんて	作業用の白い手袋		
具合	ぐあい	体や物事の状態		
毛糸	けいと	編み物に使う糸		
煙	けむり	物が燃える時に出るもの		
消しゴム	けしごむ	鉛筆の字を消す道具		
玄関	げんかん	家の出入り口		
下駄	げた	木でできた伝統的な履物		
氷	こおり	水が凍ったもの		
子供	こども	年齢の若い人		
こけし	こけし	木でできた日本の人形		
蟋蟀	こおろぎ	秋に鳴く昆虫		
ご飯	ごはん	炊いた米の食事		
胡麻	ごま	小さな種を使う調味料		
桜	さくら	春に咲く薄紅色の花		
魚	さかな	水中に住む生き物		
財布	さいふ	お金を入れて持ち歩く袋		
猿	さる	木に登る霊長類		
雑誌	ざっし	定期的に発行される読み物		
笊	ざる	水を切るための編み籠		
塩	しお	海水などから作る調味料		
鹿	しか	角を持つ動物		
新聞	しんぶん	日々の出来事を伝える紙		
城	しろ	かつて武士が構えた館		
自転車	じてんしゃ	ペダルで走る二輪車		
地震	じしん	大地が揺れる自然現象		
西瓜	すいか	夏に実る大きな果物		
雀	すずめ	身近でよく見る小鳥		
寿司	すし	酢飯を使った日本料理		
水筒	すいとう	飲み物を入れて持ち運ぶ容器		
頭脳	ずのう	物を考える力、脳のはたらき		
頭巾	ずきん	頭にかぶる布の防寒具		
世界	せかい	地球上のすべての国や地域		
蝉	せみ	夏に鳴く昆虫		
扇風機	せんぷうき	風を送る電化製品		
発条	ぜんまい	時計などを動かすばね状の部品		
贅沢	ぜいたく	必要以上にお金や物を使うこと		
空	そら	頭上に広がる大気		
蕎麦	そば	細長い麺料理のひとつ		
掃除機	そうじき	ごみを吸い取る電化製品		
雑巾	ぞうきん	拭き掃除に使う布		
象	ぞう	鼻の長い大きな動物		
太鼓	たいこ	打ち鳴らして音を出す楽器		
卵	たまご	鳥などが産む殻に包まれた実		
滝	たき	高い所から水が落ちる場所		
狸	たぬき	人を化かすと言われる動物		
大根	だいこん	白く長い根菜		
達磨	だるま	縁起物として知られる丸い人形		
地球	ちきゅう	人類が暮らす惑星		
地図	ちず	土地の様子を表した図		
茶碗	ちゃわん	ご飯やお茶を盛る器		
月	つき	夜空に浮かぶ天体		
机	つくえ	勉強や仕事をするための台		
燕	つばめ	春に渡ってくる鳥		
梅雨	つゆ	六月ごろの雨の多い季節		
手紙	てがみ	紙に書いて相手に送る文章		
手袋	てぶくろ	手にはめる防寒具		
電車	でんしゃ	電気の力で走る鉄道車両		
電話	でんわ	音声で会話するための機器		
時計	とけい	時刻を示す道具		
鳥	とり	空を飛ぶ生き物の総称		
豆腐	とうふ	大豆から作られる食品		
蜻蛉	とんぼ	細長い羽を持つ昆虫		
動物	どうぶつ	生き物のうち人や植物以外のもの		
団栗	どんぐり	ブナ科の木になる実		
夏	なつ	一年で最も暑い季節		
鍋	なべ	煮炊きに使う調理器具		
涙	なみだ	悲しい時などに出る液体		
茄子	なす	紫色をした夏野菜		
虹	にじ	雨上がりに見える七色の弧		
鶏	にわとり	卵を産む家禽		
人参	にんじん	オレンジ色の根菜		
縫い包み	ぬいぐるみ	布で作った動物などの人形		
沼	ぬま	水がたまった湿地		
猫	ねこ	人によく飼われる動物		
寝不足	ねぶそく	睡眠が足りていないこと		
野原	のはら	草の生い茂る広い場所		
海苔	のり	黒く薄い海藻を加工した食品		
花	はな	植物が咲かせる美しい部分		
橋	はし	川などを渡るための構造物		
鳩	はと	人里でよく見る鳥		
鋏	はさみ	紙や布を切る道具		
薔薇	ばら	とげを持つ美しい花		
場所	ばしょ	物事が存在する位置		
パソコン	ぱそこん	個人で使う小型の電子計算機		
パン	ぱん	小麦粉から作る主食		
飛行機	ひこうき	空を飛ぶための乗り物		
向日葵	ひまわり	太陽の方を向く大きな黄色い花		
羊	ひつじ	毛を利用される家畜		
美容院	びよういん	髪を整えてもらう店		
琵琶	びわ	初夏に実る黄色い果物		
船	ふね	水の上を進む乗り物		
風船	ふうせん	空気で膨らませるゴム製品		
冬	ふゆ	一年で最も寒い季節		
梟	ふくろう	夜に活動する鳥		
葡萄	ぶどう	房になって実る果物		
蛇	へび	足のない細長い爬虫類		
部屋	へや	家の中で区切られた一室		
弁当	べんとう	持ち運んで食べる食事		
勉強	べんきょう	知識や技術を学ぶこと		
星	ほし	夜空に光る天体		
本	ほん	文字の書かれた冊子		
箒	ほうき	掃いて掃除をする道具		
帽子	ぼうし	頭にかぶるもの		
牡丹	ぼたん	大輪の花、または留め具の名		
窓	まど	壁にある光や風の通り道		
枕	まくら	寝る時に頭を乗せるもの		
祭り	まつり	地域で行われる伝統行事		
水	みず	生命に欠かせない液体		
蜜柑	みかん	冬に実る柑橘類の果物		
港	みなと	船が停泊する場所		
虫	むし	小さな生き物の総称		
麦	むぎ	小麦や大麦などの穀物		
眼鏡	めがね	視力を補うための道具		
目高	めだか	小さな淡水魚		
森	もり	木がたくさん生えた場所		
桃	もも	甘い夏の果物		
山	やま	高く盛り上がった地形		
野菜	やさい	食用にする植物の総称		
薬缶	やかん	湯を沸かす道具		
雪	ゆき	冬に空から降る白いもの		
指輪	ゆびわ	指にはめる装身具		
夜	よる	日が沈んでからの時間帯		
洋服	ようふく	西洋式の衣服		
駱駝	らくだ	背にこぶを持ち砂漠を歩く動物		
ライオン	らいおん	百獣の王と呼ばれる動物		
林檎	りんご	秋に実る赤い果物		
栗鼠	りす	木に登る小さな動物		
留守	るす	家に人がいないこと		
類似	るいじ	互いによく似ていること		
冷蔵庫	れいぞうこ	食品を冷やして保存する電化製品		
歴史	れきし	過去の出来事の記録		
蝋燭	ろうそく	芯に火をともして使う灯り		
驢馬	ろば	馬に似た耳の長い動物		
鰐	わに	水辺に住む大型の爬虫類		
綿菓子	わたがし	ふわふわとした甘い菓子		
